"start";"end";"label"
0.44839419789108903;2.351760633529212;"A"
2.7539323738787407;4.493266352943423;"B"
4.742417122713837;5.984491338538191;"B"
6.1873456264022675;7.235877798523774;"C"
7.721465571884896;9.570475111517455;"A"
9.960845090383055;11.213450366161243;"C"
11.332647935407985;13.09330457489777;"B"
13.484599227808355;15.433260840271544;"B"
15.920621271922087;16.95964403395113;"B"
17.250010089374538;18.640362536243526;"C"
